USER_ID,USERNAME,TASK_COMPLETED_STATUS,TASK_TITLE
8,Maxime_Nienow,True,explicabo consectetur debitis voluptates quas quae culpa rerum non
8,Maxime_Nienow,True,maiores accusantium architecto necessitatibus reiciendis ea aut
8,Maxime_Nienow,False,eum non recusandae cupiditate animi
8,Maxime_Nienow,False,ut eum exercitationem sint
8,Maxime_Nienow,False,beatae qui ullam incidunt voluptatem non nisi aliquam
8,Maxime_Nienow,True,molestiae suscipit ratione nihil odio libero impedit vero totam
8,Maxime_Nienow,True,eum itaque quod reprehenderit et facilis dolor autem ut
8,Maxime_Nienow,False,esse quas et quo quasi exercitationem
8,Maxime_Nienow,False,animi voluptas quod perferendis est
8,Maxime_Nienow,False,eos amet tempore laudantium fugit a
8,Maxime_Nienow,True,accusamus adipisci dicta qui quo ea explicabo sed vero
8,Maxime_Nienow,False,odit eligendi recusandae doloremque cumque non
8,Maxime_Nienow,False,ea aperiam consequatur qui repellat eos
8,Maxime_Nienow,True,rerum non ex sapiente
8,Maxime_Nienow,True,voluptatem nobis consequatur et assumenda magnam
8,Maxime_Nienow,True,nam quia quia nulla repellat assumenda quibusdam sit nobis
8,Maxime_Nienow,True,dolorem veniam quisquam deserunt repellendus
8,Maxime_Nienow,True,debitis vitae delectus et harum accusamus aut deleniti a
8,Maxime_Nienow,True,debitis adipisci quibusdam aliquam sed dolore ea praesentium nobis
8,Maxime_Nienow,False,et praesentium aliquam est
